Imie;Nazwisko;Wiek
Arseni;Aliak;22
Maria;Kowalska;30
Jan;Nowak;45
Anna;Wisniewska;28
Piotr;Zielinski;34
Katarzyna;Kaczmarek;26
Tomasz;Krawczyk;41
Agnieszka;Wojcik;23
Marek;Kubiak;37
Joanna;Kowalczyk;29
Pawel;Mazurek;31
Magdalena;Kaczmarczyk;27
Rafal;Nowicki;39
Ewa;Adamczyk;24
Grzegorz;Dudek;46
Barbara;Majewska;33
Michal;Stepien;35
Natalia;Jaworska;25
Kamil;Sikora;38
Aleksandra;Kubiak;22
Maciej;Baran;32
Justyna;Wieczorek;30
Lukasz;Zajac;40
Karolina;Tomaszewska;28
Patryk;Krol;36
Monika;Wrobel;31
Dawid;Gorski;34
Sylwia;Chmielewska;27
Wojciech;Urbaniak;42
Izabela;Pawlak;29
Mateusz;Wolski;26
Zofia;Walczak;33
Kacper;Sawicki;23
Weronika;Szymczak;35
Jakub;Kania;30
Martyna;Czerwinska;25
Bartosz;Szulc;37
Gabriela;Stanek;24
Adrian;Borkowski;41
Julia;Michalska;28
Sebastian;Lewandowski;39
Paulina;Sadowska;27
Konrad;Strzelecki;36
Emilia;Krupa;22
Daniel;Cieslak;34
Natalia;Wasilewska;30
Szymon;Gajda;33
Helena;Makowska;29
Filip;Kowal;24
Milena;Karpinska;26
Bog;Bnnn;45
